{"count":1,"gauges":{},"self":5.3914652,"total":294.12986359999996,"children":{"AgentResetIfDone":{"count":4044,"self":0.04287,"total":0.04287,"children":null},"AgentSendState":{"count":4044,"self":0.0317724,"total":0.0551046,"children":{"CollectObservations":{"count":4043,"self":0.023332199999999997,"total":0.023332199999999997,"children":null}}},"DecideAction":{"count":4044,"self":282.255232,"total":288.50086039999997,"children":{"AgentInfo.ToProto":{"count":4043,"self":0.0917969,"total":6.2456223,"children":{"RenderTexSensor.GetCompressedObservation":{"count":4043,"self":6.1538255999999993,"total":6.1538254,"children":null}}}}},"AcademyStep":{"count":4044,"self":0.008487,"total":0.008487,"children":null},"AgentAct":{"count":4044,"self":0.1182775,"total":0.1182775,"children":null}}}